{
    "vertices":[0.3016,-8.05218,-0.208789,6.45533,-3.36211,6.42288,-1.12123,-4.14617,8.20857,-8.50533,-3.89505,-1.46,-3.53886,-4.56665,-8.01194,4.74107,-2.36683,-3.70562,1.34268,2.21632,6.76144,-6.18969,3.72041,4.17239,-5.60328,4.98997,-3.93188,2.26051,3.51411,-7.39038,7.94899,3.40212,2.2026,0.161858,7.99949,0.0633297,-1.37632,-7.07353,4.101,3.78872,-7.00718,2.82125,1.80622,-4.8487,5.81864,7.18548,-5.84373,1.17188,3.6218,-8.01348,-1.11237,-3.46297,-6.72585,0.415137,-6.74998,-3.87766,3.68058,-2.34465,-6.79877,-3.02886,-4.97173,-4.04074,-4.97801,0.591069,-6.03873,-7.23602,7.6444,0.728385,2.28762,8.43153,-0.787246,-2.38775,1.6059,0.370889,10.0644,4.7332,0.304053,6.85936,-7.79523,0.144072,2.56745,-6.24803,1.18861,7.35342,-5.09091,0.648102,-6.5582,-6.92964,-0.269815,-2.06812,4.84729,0.0382586,-6.62646,-0.908461,-0.217162,-7.1351,6.57354,2.74882,3.82345,-0.90369,5.12593,5.4751,-7.18,3.70444,0.365351,-1.89803,4.75981,-7.44121,5.82654,4.08536,-3.88647,0.0905227,6.53017,4.35231,4.23203,6.41463,0.873271,-3.51811,7.03027,2.55315,-2.13614,8.25137,-3.98048,1.36306,7.02968,-4.10156],
    "faces":[40,0,13,12,0,1,2,0,1,2,40,1,13,15,3,1,4,3,1,4,40,0,12,17,0,2,5,0,2,5,40,0,17,19,0,5,6,0,5,6,40,0,19,16,0,6,7,0,6,7,40,1,15,22,3,4,8,3,4,8,40,2,14,24,9,10,11,9,10,11,40,3,18,26,12,13,14,12,13,14,40,4,20,28,15,16,17,15,16,17,40,5,21,30,18,19,20,18,19,20,40,1,22,25,3,8,21,3,8,21,40,2,24,27,9,11,22,9,11,22,40,3,26,29,12,14,23,12,14,23,40,4,28,31,15,17,24,15,17,24,40,5,30,23,18,20,25,18,20,25,40,6,32,37,26,27,28,26,27,28,40,7,33,39,29,30,31,29,30,31,40,8,34,40,32,33,34,32,33,34,40,9,35,41,35,36,37,35,36,37,40,10,36,38,38,39,40,38,39,40,40,38,41,11,40,37,41,40,37,41,40,38,36,41,40,39,37,40,39,37,40,36,9,41,39,35,37,39,35,37,40,41,40,11,37,34,41,37,34,41,40,41,35,40,37,36,34,37,36,34,40,35,8,40,36,32,34,36,32,34,40,40,39,11,34,42,41,34,31,41,40,40,34,39,34,33,42,34,33,31,40,34,7,39,43,29,31,33,29,31,40,39,37,11,31,28,41,31,28,41,40,39,33,37,31,30,28,31,30,28,40,33,6,37,30,26,28,30,26,28,40,37,38,11,28,40,41,28,40,41,40,37,32,38,28,27,40,28,27,40,40,32,10,38,27,38,40,27,38,40,40,23,36,10,25,39,38,25,39,38,40,23,30,36,25,20,39,25,20,39,40,30,9,36,20,35,39,20,35,39,40,31,35,9,24,36,35,24,36,35,40,31,28,35,24,17,36,24,17,36,40,28,8,35,17,32,36,17,32,36,40,29,34,8,23,43,44,23,33,32,40,29,26,34,23,14,43,23,14,33,40,26,7,34,14,29,43,14,29,33,40,27,33,7,22,30,29,22,30,29,40,27,24,33,22,11,30,22,11,30,40,24,6,33,11,26,30,11,26,30,40,25,32,6,21,27,26,21,27,26,40,25,22,32,21,8,27,21,8,27,40,22,10,32,8,38,27,8,38,27,40,30,31,9,20,24,35,20,24,35,40,30,21,31,20,19,24,20,19,24,40,21,4,31,19,15,24,19,15,24,40,28,29,8,45,23,44,17,23,32,40,28,20,29,45,46,23,17,16,23,40,20,3,29,46,12,23,16,12,23,40,26,27,7,14,22,29,14,22,29,40,26,18,27,14,13,22,14,13,22,40,18,2,27,13,9,22,13,9,22,40,24,25,6,11,21,26,11,21,26,40,24,14,25,11,10,21,11,10,21,40,14,1,25,10,3,21,10,3,21,40,22,23,10,8,25,38,8,25,38,40,22,15,23,8,4,25,8,4,25,40,15,5,23,4,18,25,4,18,25,40,16,21,5,7,19,18,7,19,18,40,16,19,21,7,6,19,7,6,19,40,19,4,21,6,15,19,6,15,19,40,19,20,4,6,16,15,6,16,15,40,19,17,20,47,48,46,6,5,16,40,17,3,20,48,12,46,5,12,16,40,17,18,3,48,13,12,5,13,12,40,17,12,18,48,49,13,5,2,13,40,12,2,18,49,9,13,2,9,13,40,15,16,5,4,7,18,4,7,18,40,15,13,16,4,1,7,4,1,7,40,13,0,16,1,0,7,1,0,7,40,12,14,2,49,10,9,2,10,9,40,12,13,14,49,1,10,2,1,10,40,13,1,14,1,3,10,1,3,10],
    "uvs":[[0.914744,0.0375208,0.577979,0.162614,1.3445,0.151939,0.543582,0.358524,0.651411,0.269356,1.157,0.163122,1.01397,0.193845,0.746293,0.141237,0.618482,0.509239,0.389449,0.325094,0.462226,0.254587,0.440641,0.480808,0.132865,0.382078,0.23693,0.34841,0.216465,0.507575,0.981458,0.378559,1.03729,0.363214,1.02111,0.555132,0.77677,0.390023,0.907713,0.307612,0.814571,0.518143,0.511673,0.480823,0.304796,0.524188,0.119262,0.507797,0.935585,0.520926,0.710913,0.468279,0.447474,0.567989,0.578613,0.585318,0.425942,0.783067,0.267336,0.639843,0.396169,0.710062,0.28886,0.813788,1.07518,0.726584,1.18164,0.660968,0.997881,0.87188,0.863186,0.660092,0.953759,0.70788,0.845145,0.847375,0.617803,0.604982,0.749872,0.673649,0.615471,0.792387,0.498313,0.963356,1.28886,0.813788,0.181639,0.660968,0.0751846,0.726584,0.0211091,0.555132,0.0372875,0.363214,0.013967,0.193845,0.156995,0.163122,0.344501,0.151939]],
    "normals":[-0.108615,-0.993744,-0.0247505,0.259468,-0.873501,0.411847,-0.182562,-0.891659,0.414197,0.590838,-0.281991,0.755882,0.799188,-0.600513,-0.024781,-0.455428,-0.890194,0.0104068,-0.393475,-0.89111,-0.225898,0.393109,-0.888394,-0.237037,0.93643,-0.0324107,0.349345,-0.100101,-0.590716,0.800623,0.259682,-0.66216,0.702902,0.312387,0.165349,0.935423,-0.892788,-0.366588,-0.261727,-0.735252,-0.536821,0.413709,-0.984344,0.0866115,0.153478,-0.423231,-0.395856,-0.814936,-0.781182,-0.484878,-0.3932,-0.672414,0.0687582,-0.73693,0.643971,-0.541154,-0.540727,0.232582,-0.620075,-0.74926,0.57625,-0.118259,-0.808649,0.579211,0.251747,0.775292,-0.668416,0.196295,0.717368,-0.918851,0.134404,-0.370983,0.0112613,0.0213019,-0.999695,0.914029,-0.161962,-0.371838,0.504227,0.671987,0.542375,0.632008,0.393872,0.667348,0.132664,0.783258,0.607318,-0.703024,0.583605,0.406293,-0.0637226,0.655782,0.75222,-0.415845,0.839198,0.350352,-0.791589,0.481643,-0.375958,-0.906827,0.419965,-0.0350352,-0.208808,0.91406,-0.347606,0.306009,0.316843,-0.897732,-0.186499,0.405591,-0.894803,0.3755,0.827693,-0.416974,0.840846,0.440138,0.314951,0.703269,0.554613,-0.444716,0.504227,0.849635,0.154393,0.152532,0.981017,0.119602],
    "metadata":{
        "vertices":42,
        "version":3,
        "generator":"io_three",
        "faces":80,
        "uvs":1,
        "type":"Geometry",
        "normals":42
    }
}